[
    {
        "name": "1",
        "count": 36
    },
    {
        "name": "2",
        "count": 43
    },
    {
        "name": "3",
        "count": 50
    },
    {
        "name": "4",
        "count": 41
    },
    {
        "name": "5",
        "count": 34
    },
    {
        "name": "6",
        "count": 44
    },
    {
        "name": "7",
        "count": 67
    },
    {
        "name": "8",
        "count": 63
    },
    {
        "name": "9",
        "count": 51
    },
    {
        "name": "10",
        "count": 53
    },
    {
        "name": "11",
        "count": 52
    },
    {
        "name": "12",
        "count": 60
    }
]
