[
    {
        "x": 32,
        "y": 36
    },
    {
        "x": 12,
        "y": 43
    },
    {
        "x": 45,
        "y": 50
    },
    {
        "x": 44,
        "y": 41
    },
    {
        "x": 73,
        "y": 34
    },
    {
        "x": 74,
        "y": 36
    },
    {
        "x": 43,
        "y": 43
    },
    {
        "x": 28,
        "y": 50
    },
    {
        "x": 61,
        "y": 41
    },
    {
        "x": 77,
        "y": 34
    },
    {
        "x": 22,
        "y": 44
    },
    {
        "x": 33,
        "y": 62
    },
    {
        "x": 37,
        "y": 63
    },
    {
        "x": 52,
        "y": 51
    },
    {
        "x": 13,
        "y": 53
    },
    {
        "x": 66,
        "y": 52
    },
    {
        "x": 39,
        "y": 60
    }
]
