[
    {
        "time": "11-12-21T00:00:00Z",
        "count": 36
    },
    {
        "time": "11-12-22T00:00:00Z",
        "count": 43
    },
    {
        "time": "11-12-23T00:00:00Z",
        "count": 50
    },
    {
        "time": "11-12-24T00:00:00Z",
        "count": 41
    },
    {
        "time": "11-12-25T00:00:00Z",
        "count": 34
    },
    {
        "time": "12-01-01T00:00:00Z",
        "count": 36
    },
    {
        "time": "12-01-02T00:00:00Z",
        "count": 43
    },
    {
        "time": "12-01-03T00:00:00Z",
        "count": 50
    },
    {
        "time": "12-01-04T00:00:00Z",
        "count": 41
    },
    {
        "time": "12-01-05T00:00:00Z",
        "count": 34
    },
    {
        "time": "12-01-06T00:00:00Z",
        "count": 44
    },
    {
        "time": "12-01-07T00:00:00Z",
        "count": 62
    },
    {
        "time": "12-01-08T00:00:00Z",
        "count": 63
    },
    {
        "time": "12-01-09T00:00:00Z",
        "count": 51
    },
    {
        "time": "12-01-10T00:00:00Z",
        "count": 53
    },
    {
        "time": "12-01-11T00:00:00Z",
        "count": 52
    },
    {
        "time": "12-01-12T00:00:00Z",
        "count": 60
    }
]
